DIC_DT_DATE_ID,DIC_AFA_ID,NoOfImpressions,NoofClicks,Unique_IMP_Count,Unique_CLI_Count,BannerName,MM_BrandName,Language_Desc,MM_Size_Name,IsDirectDownload,MM_DestinationURL,MM_Promotion_Name,MM_IsMobile
20230401,100097158,3,0,1,0,Roulette 50 free + 1500 WP,888casino,English,468x60,0,http://www.888casino.com/exclusive-mob/roulette50.htm,Roulette 50 free + 1500 WP,0
20230401,100100154,1,0,1,0,Roulette 50 free + 1500 WP,888casino,English,468x60,0,http://www.888casino.com/exclusive-mob/roulette50.htm,Roulette 50 free + 1500 WP,0
20230401,100022956,2,0,1,0,50 kr+ 100% up to 2000kr ,888casino.dk,Danish,250x250,0,https://www.888casino.dk/sem/online-casino/slots/50kr-rfstarsp.htm,Casino DK - 50KR + 2000KR,1
20230401,100069940,4,0,4,0,50kr+ 100% up to 2000kr ,888casino.dk,Danish,300x600,0,https://www.888casino.dk/sem/online-casino/slots/50kr-rfstarsp.htm,Casino DK - 50KR + 2000KR,0
20230401,100069940,0,2,0,2,50 KR +up to 2000kr-slots,888casino.dk,Danish,UD,0,https://www.888casino.dk/sem/online-casino/slots/50kr-rfstarsp.htm,Casino DK - 50KR + 2000KR,0
20230401,41074114,0,1,0,1,50 KR +up to 2000kr-slots,888casino.dk,Danish,UD,0,https://www.888casino.dk/sem/online-casino/slots/50kr-rfstarsp.htm,Casino DK - 50KR + 2000KR,0
20230401,100138383,0,1,0,1,50 KR +up to 2000kr-Generic,888casino.dk,Danish,UD,0,https://www.888casino.dk/sem/online-casino/generic/50kr-rfsp.htm,Casino DK - 50KR + 2000KR,1
20230401,100100357,0,1,0,1,50 Kr spins - slots,888casino.dk,Danish,UD,0,https://www.888casino.dk/sem/online-casino/slots/50kr-rfsp.htm,Casino DK - 50KR + 2000KR,1
20230401,100106581,0,1,0,1,50 KR - Blackjack,888casino.dk,Danish,UD,0,https://www.888casino.dk/sem/online-casino/blackjack/50kr-rfsp.htm,Casino DK - 50KR + 2000KR,0
20230401,41074114,0,2,0,1,www.888casino.dk - Home Page,888casino.dk,Danish,UD,0,http://www.888casino.dk/,Casino DK - 50KR + 2000KR,0
20230401,100059809,0,1,0,1,www.888casino.dk - Home Page,888casino.dk,Danish,UD,0,http://www.888casino.dk/,Casino DK - 50KR + 2000KR,0
20230401,100090393,0,1,0,1,888Ladies registration page,888ladies.com,English,UD,0,https://www.888ladies.com/smarturl, Treble the odds,1
20230401,100129330,2,0,2,0,Cleopatra 1500 WP,888casino,Czech,120x600,0,http://cs.888casino.com/exclusive-mob/cleopatra-1500-88.htm,?1500 Welcome Package,1
20230401,100129330,2,0,2,0,Cleopatra 1500 WP,888casino,Greek,120x600,0,http://el.888casino.com/exclusive-mob/cleopatra-1500-88.htm,?1500 Welcome Package,0
20230401,100129330,1,0,1,0,Treasure Fair - 1500 Welcome package + 30 free,888casino,Czech,120x600,0,http://cs.888casino.com/exclusive-mob/treasure-fair.htm,1500 WP + 30,0
20230401,100101300,1,0,1,0,Treasure Fair - 1500 Welcome package + 30 free,888casino,German,728x90,0,http://de.888casino.com/exclusive-mob/treasure-fair.htm,1500 WP + 30,0
20230401,100126330,0,16,0,5,Roulette 100% up to 200,888casino,English,UD,0,https://play-www.777.com/,777 100% up to 200,1
20230401,100126330,0,25,0,20,Roulette 100% up to 200,888casino,English,UD,0,https://play-www.777.com/,777 100% up to 200,0
20230401,100090659,0,1,0,0,777 BJ 100% up to 200,888casino,English,UD,0,http://www.777.com/exclusive/blackjack.htm,777 100% up to 200,0
20230401,100088955,0,2,0,2,777 Slots 100% up to 200,888casino,English,UD,0,https://play-www.777.com/,777 100% up to 200,1
20230401,100086970,0,3,0,3,Bem-vindo Pacote,888casino,Portuguese,236x60,1,http://pt.888casino.com/,UD,0
20230401,100055776,2,0,2,0,Bem-vindo Pacote,888casino,Portuguese,300x250,1,http://pt.888casino.com/,UD,1
20230401,100129330,2,0,2,0,EURO EL Roulette,888casino,Greek,120x600,1,http://el.888casino.com/,UD,0
20230401,100123412,0,2,0,0,888casino.es 1 million,888casino.es,Spanish,728x90,0,http://www.888casino.es/,UD,0
20230401,100131724,6,0,6,0,888casino.es 1 million,888casino.es,Spanish,720x300,0,http://www.888casino.es/,UD,0
20230401,100113580,1,0,1,0,Roulette 1500 WP,888casino,English,728x90,0,https://www.888casino.com/exclusive-mob/offer-1500.htm,Roulette - 1500 Welcome Package,1
20230401,100129330,2,0,2,0,Roulette 1500 WP,888casino,Japanese,120x600,0,https://jp.888casino.com/exclusive-mob/offer-1500.htm,Roulette - 1500 Welcome Package,0
20230401,100083454,0,1,0,1,Spin the wheel Cleopatra,888casino,English,300x250,0,https://www.888casino.com/exclusive-mob/cleopatra-1500-88.htm,Spin the wheel,0
20230401,100197158,4,0,1,0,Roulette 50 free + 1500 WP,888casino,English,468x60,0,http://www.888casino.com/exclusive-mob/roulette50.htm,Roulette 50 free + 1500 WP,0
20230401,100200154,2,2,1,1,Roulette 50 free + 1500 WP,888casino,English,468x60,0,http://www.888casino.com/exclusive-mob/roulette50.htm,Roulette 50 free + 1500 WP,1
20230401,100032956,3,1,1,0,50 kr+ 100% up to 2000kr ,888casino.dk,Danish,250x250,0,https://www.888casino.dk/sem/online-casino/slots/50kr-rfstarsp.htm,Casino DK - 50KR + 2000KR,0
20230401,100079940,5,0,2,0,50kr+ 100% up to 2000kr ,888casino.dk,Danish,300x600,0,https://www.888casino.dk/sem/online-casino/slots/50kr-rfstarsp.htm,Casino DK - 50KR + 2000KR,1
20230401,100079940,1,0,1,0,50 KR +up to 2000kr-slots,888casino.dk,Danish,UD,0,https://www.888casino.dk/sem/online-casino/slots/50kr-rfstarsp.htm,Casino DK - 50KR + 2000KR,0
20230401,141074114,0,0,0,0,50 KR +up to 2000kr-slots,888casino.dk,Danish,UD,0,https://www.888casino.dk/sem/online-casino/slots/50kr-rfstarsp.htm,Casino DK - 50KR + 2000KR,0
20230401,100238383,0,0,0,0,50 KR +up to 2000kr-Generic,888casino.dk,Danish,UD,0,https://www.888casino.dk/sem/online-casino/generic/50kr-rfsp.htm,Casino DK - 50KR + 2000KR,0
20230401,100200357,2,2,1,1,50 Kr spins - slots,888casino.dk,Danish,UD,0,https://www.888casino.dk/sem/online-casino/slots/50kr-rfsp.htm,Casino DK - 50KR + 2000KR,0
20230401,100206581,3,3,0,2,50 KR - Blackjack,888casino.dk,Danish,UD,0,https://www.888casino.dk/sem/online-casino/blackjack/50kr-rfsp.htm,Casino DK - 50KR + 2000KR,1
20230401,141074114,0,1,0,1,www.888casino.dk - Home Page,888casino.dk,Danish,UD,0,http://www.888casino.dk/,Casino DK - 50KR + 2000KR,1
20230401,100069809,2,2,1,1,www.888casino.dk - Home Page,888casino.dk,Danish,UD,0,http://www.888casino.dk/,Casino DK - 50KR + 2000KR,0
20230401,100190393,0,0,0,0,888Ladies registration page,888ladies.com,English,UD,0,https://www.888ladies.com/smarturl, Treble the odds,0
20230401,100229330,4,0,1,0,Cleopatra 1500 WP,888casino,Czech,120x600,0,http://cs.888casino.com/exclusive-mob/cleopatra-1500-88.htm,?1500 Welcome Package,0
20230401,100229330,1,1,0,1,Cleopatra 1500 WP,888casino,Greek,120x600,0,http://el.888casino.com/exclusive-mob/cleopatra-1500-88.htm,?1500 Welcome Package,1
20230401,100329330,0,0,0,0,Treasure Fair - 1500 Welcome package + 30 free,888casino,Czech,120x600,0,http://cs.888casino.com/exclusive-mob/treasure-fair.htm,1500 WP + 30,0
20230401,100401300,0,0,0,0,Treasure Fair - 1500 Welcome package + 30 free,888casino,German,728x90,0,http://de.888casino.com/exclusive-mob/treasure-fair.htm,1500 WP + 30,0
20230401,100426330,1,10,0,5,Roulette 100% up to 200,888casino,English,UD,0,https://play-www.777.com/,777 100% up to 200,0
20230401,100326330,2,9,0,4,Roulette 100% up to 200,888casino,English,UD,0,https://play-www.777.com/,777 100% up to 200,0
20230401,100190659,2,0,0,0,777 BJ 100% up to 200,888casino,English,UD,0,http://www.777.com/exclusive/blackjack.htm,777 100% up to 200,0
20230401,100288955,0,0,0,0,777 Slots 100% up to 200,888casino,English,UD,0,https://play-www.777.com/,777 100% up to 200,0
20230401,100286970,1,9,1,3,Bem-vindo Pacote,888casino,Portuguese,236x60,1,http://pt.888casino.com/,UD,1
20230401,100255776,0,8,0,2,Bem-vindo Pacote,888casino,Portuguese,300x250,1,http://pt.888casino.com/,UD,0
20230401,100329330,0,3,0,1,EURO EL Roulette,888casino,Greek,120x600,1,http://el.888casino.com/,UD,0
20230401,100323412,3,10,1,3,888casino.es 1 million,888casino.es,Spanish,728x90,0,http://www.888casino.es/,UD,0
20230401,100231724,2,1,1,1,888casino.es 1 million,888casino.es,Spanish,720x300,0,http://www.888casino.es/,UD,0
20230401,100313580,0,2,0,0,Roulette 1500 WP,888casino,English,728x90,0,https://www.888casino.com/exclusive-mob/offer-1500.htm,Roulette - 1500 Welcome Package,0
20230401,100329330,4,0,3,0,Roulette 1500 WP,888casino,Japanese,120x600,0,https://jp.888casino.com/exclusive-mob/offer-1500.htm,Roulette - 1500 Welcome Package,0
20230401,100183454,1,-9,0,0,Spin the wheel Cleopatra,888casino,English,300x250,0,https://www.888casino.com/exclusive-mob/cleopatra-1500-88.htm,Spin the wheel,1
20230402,100097158,5,1,1,0,Roulette 50 free + 1500 WP,888casino,English,468x60,0,http://www.888casino.com/exclusive-mob/roulette50.htm,Roulette 50 free + 1500 WP,1
20230402,100100154,6,4,0,2,Roulette 50 free + 1500 WP,888casino,English,468x60,0,http://www.888casino.com/exclusive-mob/roulette50.htm,Roulette 50 free + 1500 WP,0
20230402,100022956,0,0,0,0,50 kr+ 100% up to 2000kr ,888casino.dk,Danish,250x250,0,https://www.888casino.dk/sem/online-casino/slots/50kr-rfstarsp.htm,Casino DK - 50KR + 2000KR,0
20230402,100069940,2,0,1,0,50kr+ 100% up to 2000kr ,888casino.dk,Danish,300x600,0,https://www.888casino.dk/sem/online-casino/slots/50kr-rfstarsp.htm,Casino DK - 50KR + 2000KR,0
20230402,100069940,9,7,1,2,50 KR +up to 2000kr-slots,888casino.dk,Danish,UD,0,https://www.888casino.dk/sem/online-casino/slots/50kr-rfstarsp.htm,Casino DK - 50KR + 2000KR,1
20230402,41074114,8,0,1,0,50 KR +up to 2000kr-slots,888casino.dk,Danish,UD,0,https://www.888casino.dk/sem/online-casino/slots/50kr-rfstarsp.htm,Casino DK - 50KR + 2000KR,0
20230402,100138383,1,0,1,0,50 KR +up to 2000kr-Generic,888casino.dk,Danish,UD,0,https://www.888casino.dk/sem/online-casino/generic/50kr-rfsp.htm,Casino DK - 50KR + 2000KR,0
20230402,100100357,0,0,0,0,50 Kr spins - slots,888casino.dk,Danish,UD,0,https://www.888casino.dk/sem/online-casino/slots/50kr-rfsp.htm,Casino DK - 50KR + 2000KR,0
20230402,100106581,0,0,0,0,50 KR - Blackjack,888casino.dk,Danish,UD,0,https://www.888casino.dk/sem/online-casino/blackjack/50kr-rfsp.htm,Casino DK - 50KR + 2000KR,0
20230402,41074114,2,1,1,0,www.888casino.dk - Home Page,888casino.dk,Danish,UD,0,http://www.888casino.dk/,Casino DK - 50KR + 2000KR,1
20230402,100059809,7,3,3,2,www.888casino.dk - Home Page,888casino.dk,Danish,UD,0,http://www.888casino.dk/,Casino DK - 50KR + 2000KR,0
20230402,100090393,0,1,0,1,888Ladies registration page,888ladies.com,English,UD,0,https://www.888ladies.com/smarturl, Treble the odds,0
20230402,100129330,2,2,1,1,Cleopatra 1500 WP,888casino,Czech,120x600,0,http://cs.888casino.com/exclusive-mob/cleopatra-1500-88.htm,?1500 Welcome Package,0
20230402,100129330,0,0,0,0,Cleopatra 1500 WP,888casino,Greek,120x600,0,http://el.888casino.com/exclusive-mob/cleopatra-1500-88.htm,?1500 Welcome Package,0
20230402,100129330,4,2,1,0,Treasure Fair - 1500 Welcome package + 30 free,888casino,Czech,120x600,0,http://cs.888casino.com/exclusive-mob/treasure-fair.htm,1500 WP + 30,1
20230402,100101300,1,1,0,1,Treasure Fair - 1500 Welcome package + 30 free,888casino,German,728x90,0,http://de.888casino.com/exclusive-mob/treasure-fair.htm,1500 WP + 30,0
20230402,100126330,0,0,0,0,Roulette 100% up to 200,888casino,English,UD,0,https://play-www.777.com/,777 100% up to 200,0
20230402,100126330,0,0,0,0,Roulette 100% up to 200,888casino,English,UD,0,https://play-www.777.com/,777 100% up to 200,0
20230402,100090659,1,12,0,8,777 BJ 100% up to 200,888casino,English,UD,0,http://www.777.com/exclusive/blackjack.htm,777 100% up to 200,0
20230402,100088955,2,18,0,10,777 Slots 100% up to 200,888casino,English,UD,0,https://play-www.777.com/,777 100% up to 200,0
20230402,100086970,2,1,0,0,Bem-vindo Pacote,888casino,Portuguese,236x60,1,http://pt.888casino.com/,UD,0
20230402,100055776,0,0,0,0,Bem-vindo Pacote,888casino,Portuguese,300x250,1,http://pt.888casino.com/,UD,1
20230402,100129330,1,4,1,1,EURO EL Roulette,888casino,Greek,120x600,1,http://el.888casino.com/,UD,1
20230402,100123412,0,2,0,0,888casino.es 1 million,888casino.es,Spanish,728x90,0,http://www.888casino.es/,UD,1
20230402,100131724,0,6,0,2,888casino.es 1 million,888casino.es,Spanish,720x300,0,http://www.888casino.es/,UD,0
20230402,100113580,3,0,1,0,Roulette 1500 WP,888casino,English,728x90,0,https://www.888casino.com/exclusive-mob/offer-1500.htm,Roulette - 1500 Welcome Package,0
20230402,100129330,1,0,1,0,Roulette 1500 WP,888casino,Japanese,120x600,0,https://jp.888casino.com/exclusive-mob/offer-1500.htm,Roulette - 1500 Welcome Package,0
20230402,100083454,2,0,1,0,Spin the wheel Cleopatra,888casino,English,300x250,0,https://www.888casino.com/exclusive-mob/cleopatra-1500-88.htm,Spin the wheel,1
20230402,100197158,4,2,4,0,Roulette 50 free + 1500 WP,888casino,English,468x60,0,http://www.888casino.com/exclusive-mob/roulette50.htm,Roulette 50 free + 1500 WP,0
20230402,100200154,4,4,1,2,Roulette 50 free + 1500 WP,888casino,English,468x60,0,http://www.888casino.com/exclusive-mob/roulette50.htm,Roulette 50 free + 1500 WP,0
20230402,100032956,0,1,0,1,50 kr+ 100% up to 2000kr ,888casino.dk,Danish,250x250,0,https://www.888casino.dk/sem/online-casino/slots/50kr-rfstarsp.htm,Casino DK - 50KR + 2000KR,0
20230402,100079940,8,3,2,1,50kr+ 100% up to 2000kr ,888casino.dk,Danish,300x600,0,https://www.888casino.dk/sem/online-casino/slots/50kr-rfstarsp.htm,Casino DK - 50KR + 2000KR,0
20230402,100079940,0,1,0,1,50 KR +up to 2000kr-slots,888casino.dk,Danish,UD,0,https://www.888casino.dk/sem/online-casino/slots/50kr-rfstarsp.htm,Casino DK - 50KR + 2000KR,0
20230402,141074114,0,1,0,1,50 KR +up to 2000kr-slots,888casino.dk,Danish,UD,0,https://www.888casino.dk/sem/online-casino/slots/50kr-rfstarsp.htm,Casino DK - 50KR + 2000KR,0
20230402,100238383,0,2,0,1,50 KR +up to 2000kr-Generic,888casino.dk,Danish,UD,0,https://www.888casino.dk/sem/online-casino/generic/50kr-rfsp.htm,Casino DK - 50KR + 2000KR,0
20230402,100200357,0,1,0,1,50 Kr spins - slots,888casino.dk,Danish,UD,0,https://www.888casino.dk/sem/online-casino/slots/50kr-rfsp.htm,Casino DK - 50KR + 2000KR,0
20230402,100206581,0,1,0,1,50 KR - Blackjack,888casino.dk,Danish,UD,0,https://www.888casino.dk/sem/online-casino/blackjack/50kr-rfsp.htm,Casino DK - 50KR + 2000KR,0
20230402,141074114,6,0,3,0,www.888casino.dk - Home Page,888casino.dk,Danish,UD,0,http://www.888casino.dk/,Casino DK - 50KR + 2000KR,0
20230402,100069809,2,0,2,0,www.888casino.dk - Home Page,888casino.dk,Danish,UD,0,http://www.888casino.dk/,Casino DK - 50KR + 2000KR,1
20230402,100190393,1,0,1,0,888Ladies registration page,888ladies.com,English,UD,0,https://www.888ladies.com/smarturl, Treble the odds,0
20230402,100229330,1,0,1,0,Cleopatra 1500 WP,888casino,Czech,120x600,0,http://cs.888casino.com/exclusive-mob/cleopatra-1500-88.htm,?1500 Welcome Package,0
20230402,100229330,0,10,0,5,Cleopatra 1500 WP,888casino,Greek,120x600,0,http://el.888casino.com/exclusive-mob/cleopatra-1500-88.htm,?1500 Welcome Package,0
20230402,100329330,0,8,0,4,Treasure Fair - 1500 Welcome package + 30 free,888casino,Czech,120x600,0,http://cs.888casino.com/exclusive-mob/treasure-fair.htm,1500 WP + 30,0
20230402,100401300,0,1,0,0,Treasure Fair - 1500 Welcome package + 30 free,888casino,German,728x90,0,http://de.888casino.com/exclusive-mob/treasure-fair.htm,1500 WP + 30,0
20230402,100426330,0,2,0,2,Roulette 100% up to 200,888casino,English,UD,0,https://play-www.777.com/,777 100% up to 200,0
20230402,100326330,0,3,0,3,Roulette 100% up to 200,888casino,English,UD,0,https://play-www.777.com/,777 100% up to 200,0
20230402,100190659,2,18,2,4,777 BJ 100% up to 200,888casino,English,UD,0,http://www.777.com/exclusive/blackjack.htm,777 100% up to 200,0
20230402,100288955,2,20,2,8,777 Slots 100% up to 200,888casino,English,UD,0,https://play-www.777.com/,777 100% up to 200,0
20230402,100286970,0,2,0,0,Bem-vindo Pacote,888casino,Portuguese,236x60,1,http://pt.888casino.com/,UD,0
20230402,100255776,6,0,6,0,Bem-vindo Pacote,888casino,Portuguese,300x250,1,http://pt.888casino.com/,UD,0
20230402,100329330,1,0,1,0,EURO EL Roulette,888casino,Greek,120x600,1,http://el.888casino.com/,UD,0
20230402,100323412,0,4,0,1,888casino.es 1 million,888casino.es,Spanish,728x90,0,http://www.888casino.es/,UD,0
20230402,100231724,2,12,1,6,888casino.es 1 million,888casino.es,Spanish,720x300,0,http://www.888casino.es/,UD,1
20230402,100313580,5,2,2,0,Roulette 1500 WP,888casino,English,728x90,0,https://www.888casino.com/exclusive-mob/offer-1500.htm,Roulette - 1500 Welcome Package,0
20230402,100329330,4,0,3,0,Roulette 1500 WP,888casino,Japanese,120x600,0,https://jp.888casino.com/exclusive-mob/offer-1500.htm,Roulette - 1500 Welcome Package,0
20230402,100183454,1,6,0,3,Spin the wheel Cleopatra,888casino,English,300x250,0,https://www.888casino.com/exclusive-mob/cleopatra-1500-88.htm,Spin the wheel,0
20230403,100097158,3,13,1,8,Roulette 50 free + 1500 WP,888casino,English,468x60,0,http://www.888casino.com/exclusive-mob/roulette50.htm,Roulette 50 free + 1500 WP,0
20230403,100100154,2,9,0,4,Roulette 50 free + 1500 WP,888casino,English,468x60,0,http://www.888casino.com/exclusive-mob/roulette50.htm,Roulette 50 free + 1500 WP,0
20230403,100022956,4,2,1,1,50 kr+ 100% up to 2000kr ,888casino.dk,Danish,250x250,0,https://www.888casino.dk/sem/online-casino/slots/50kr-rfstarsp.htm,Casino DK - 50KR + 2000KR,0
20230403,100069940,0,0,0,0,50kr+ 100% up to 2000kr ,888casino.dk,Danish,300x600,0,https://www.888casino.dk/sem/online-casino/slots/50kr-rfstarsp.htm,Casino DK - 50KR + 2000KR,1
20230403,100069940,1,9,1,3,50 KR +up to 2000kr-slots,888casino.dk,Danish,UD,0,https://www.888casino.dk/sem/online-casino/slots/50kr-rfstarsp.htm,Casino DK - 50KR + 2000KR,0
20230403,41074114,9,5,3,3,50 KR +up to 2000kr-slots,888casino.dk,Danish,UD,0,https://www.888casino.dk/sem/online-casino/slots/50kr-rfstarsp.htm,Casino DK - 50KR + 2000KR,1
20230403,100138383,0,3,0,1,50 KR +up to 2000kr-Generic,888casino.dk,Danish,UD,0,https://www.888casino.dk/sem/online-casino/generic/50kr-rfsp.htm,Casino DK - 50KR + 2000KR,0
20230403,100100357,6,12,2,5,50 Kr spins - slots,888casino.dk,Danish,UD,0,https://www.888casino.dk/sem/online-casino/slots/50kr-rfsp.htm,Casino DK - 50KR + 2000KR,0
20230403,100106581,8,7,4,2,50 KR - Blackjack,888casino.dk,Danish,UD,0,https://www.888casino.dk/sem/online-casino/blackjack/50kr-rfsp.htm,Casino DK - 50KR + 2000KR,0
20230403,41074114,0,2,0,0,www.888casino.dk - Home Page,888casino.dk,Danish,UD,0,http://www.888casino.dk/,Casino DK - 50KR + 2000KR,0
20230403,100059809,10,0,4,0,www.888casino.dk - Home Page,888casino.dk,Danish,UD,0,http://www.888casino.dk/,Casino DK - 50KR + 2000KR,0
20230403,100090393,13,4,3,1,888Ladies registration page,888ladies.com,English,UD,0,https://www.888ladies.com/smarturl, Treble the odds,0
20230403,100129330,2,0,2,0,Cleopatra 1500 WP,888casino,Czech,120x600,0,http://cs.888casino.com/exclusive-mob/cleopatra-1500-88.htm,?1500 Welcome Package,0
20230403,100129330,2,0,2,0,Cleopatra 1500 WP,888casino,Greek,120x600,0,http://el.888casino.com/exclusive-mob/cleopatra-1500-88.htm,?1500 Welcome Package,0
20230403,100129330,3,0,1,0,Treasure Fair - 1500 Welcome package + 30 free,888casino,Czech,120x600,0,http://cs.888casino.com/exclusive-mob/treasure-fair.htm,1500 WP + 30,0
20230403,100101300,1,0,1,0,Treasure Fair - 1500 Welcome package + 30 free,888casino,German,728x90,0,http://de.888casino.com/exclusive-mob/treasure-fair.htm,1500 WP + 30,1
20230403,100126330,2,0,1,0,Roulette 100% up to 200,888casino,English,UD,0,https://play-www.777.com/,777 100% up to 200,0
20230403,100126330,4,0,4,0,Roulette 100% up to 200,888casino,English,UD,0,https://play-www.777.com/,777 100% up to 200,0
20230403,100090659,12,10,6,5,777 BJ 100% up to 200,888casino,English,UD,0,http://www.777.com/exclusive/blackjack.htm,777 100% up to 200,0
20230403,100088955,0,20,0,8,777 Slots 100% up to 200,888casino,English,UD,0,https://play-www.777.com/,777 100% up to 200,0
20230403,100086970,0,7,0,3,Bem-vindo Pacote,888casino,Portuguese,236x60,1,http://pt.888casino.com/,UD,1
20230403,100055776,0,1,0,1,Bem-vindo Pacote,888casino,Portuguese,300x250,1,http://pt.888casino.com/,UD,0
20230403,100129330,0,1,0,1,EURO EL Roulette,888casino,Greek,120x600,1,http://el.888casino.com/,UD,0
20230403,100123412,0,2,0,1,888casino.es 1 million,888casino.es,Spanish,728x90,0,http://www.888casino.es/,UD,0
20230403,100131724,0,1,0,1,888casino.es 1 million,888casino.es,Spanish,720x300,0,http://www.888casino.es/,UD,0
20230403,100113580,10,25,4,10,Roulette 1500 WP,888casino,English,728x90,0,https://www.888casino.com/exclusive-mob/offer-1500.htm,Roulette - 1500 Welcome Package,0
20230403,100129330,2,0,2,0,Roulette 1500 WP,888casino,Japanese,120x600,0,https://jp.888casino.com/exclusive-mob/offer-1500.htm,Roulette - 1500 Welcome Package,0
20230403,100083454,25,16,15,9,Spin the wheel Cleopatra,888casino,English,300x250,0,https://www.888casino.com/exclusive-mob/cleopatra-1500-88.htm,Spin the wheel,0
20230403,100197158,0,1,0,0,Roulette 50 free + 1500 WP,888casino,English,468x60,0,http://www.888casino.com/exclusive-mob/roulette50.htm,Roulette 50 free + 1500 WP,0
20230403,100200154,0,2,0,2,Roulette 50 free + 1500 WP,888casino,English,468x60,0,http://www.888casino.com/exclusive-mob/roulette50.htm,Roulette 50 free + 1500 WP,1
20230403,100032956,0,3,0,3,50 kr+ 100% up to 2000kr ,888casino.dk,Danish,250x250,0,https://www.888casino.dk/sem/online-casino/slots/50kr-rfstarsp.htm,Casino DK - 50KR + 2000KR,0
20230403,100079940,2,0,2,0,50kr+ 100% up to 2000kr ,888casino.dk,Danish,300x600,0,https://www.888casino.dk/sem/online-casino/slots/50kr-rfstarsp.htm,Casino DK - 50KR + 2000KR,0
20230403,100079940,2,0,2,0,50 KR +up to 2000kr-slots,888casino.dk,Danish,UD,0,https://www.888casino.dk/sem/online-casino/slots/50kr-rfstarsp.htm,Casino DK - 50KR + 2000KR,1
20230403,141074114,0,2,0,0,50 KR +up to 2000kr-slots,888casino.dk,Danish,UD,0,https://www.888casino.dk/sem/online-casino/slots/50kr-rfstarsp.htm,Casino DK - 50KR + 2000KR,0
20230403,100238383,6,0,6,0,50 KR +up to 2000kr-Generic,888casino.dk,Danish,UD,0,https://www.888casino.dk/sem/online-casino/generic/50kr-rfsp.htm,Casino DK - 50KR + 2000KR,0
20230403,100200357,1,0,1,0,50 Kr spins - slots,888casino.dk,Danish,UD,0,https://www.888casino.dk/sem/online-casino/slots/50kr-rfsp.htm,Casino DK - 50KR + 2000KR,0
20230403,100206581,2,0,2,0,50 KR - Blackjack,888casino.dk,Danish,UD,0,https://www.888casino.dk/sem/online-casino/blackjack/50kr-rfsp.htm,Casino DK - 50KR + 2000KR,0
20230403,141074114,0,1,0,1,www.888casino.dk - Home Page,888casino.dk,Danish,UD,0,http://www.888casino.dk/,Casino DK - 50KR + 2000KR,0
20230403,100069809,4,0,1,0,www.888casino.dk - Home Page,888casino.dk,Danish,UD,0,http://www.888casino.dk/,Casino DK - 50KR + 2000KR,0
20230403,100190393,2,2,1,1,888Ladies registration page,888ladies.com,English,UD,0,https://www.888ladies.com/smarturl, Treble the odds,0
20230403,100229330,3,1,1,0,Cleopatra 1500 WP,888casino,Czech,120x600,0,http://cs.888casino.com/exclusive-mob/cleopatra-1500-88.htm,?1500 Welcome Package,0
20230403,100229330,8,12,3,6,Cleopatra 1500 WP,888casino,Greek,120x600,0,http://el.888casino.com/exclusive-mob/cleopatra-1500-88.htm,?1500 Welcome Package,0
20230403,100329330,1,0,1,0,Treasure Fair - 1500 Welcome package + 30 free,888casino,Czech,120x600,0,http://cs.888casino.com/exclusive-mob/treasure-fair.htm,1500 WP + 30,0
20230403,100401300,0,0,0,0,Treasure Fair - 1500 Welcome package + 30 free,888casino,German,728x90,0,http://de.888casino.com/exclusive-mob/treasure-fair.htm,1500 WP + 30,0
20230403,100426330,0,13,0,7,Roulette 100% up to 200,888casino,English,UD,0,https://play-www.777.com/,777 100% up to 200,1
20230403,100326330,2,2,1,1,Roulette 100% up to 200,888casino,English,UD,0,https://play-www.777.com/,777 100% up to 200,0
20230403,100190659,3,3,0,2,777 BJ 100% up to 200,888casino,English,UD,0,http://www.777.com/exclusive/blackjack.htm,777 100% up to 200,0
20230403,100288955,0,1,0,1,777 Slots 100% up to 200,888casino,English,UD,0,https://play-www.777.com/,777 100% up to 200,0
20230403,100286970,2,2,1,1,Bem-vindo Pacote,888casino,Portuguese,236x60,1,http://pt.888casino.com/,UD,0
20230403,100255776,0,0,0,0,Bem-vindo Pacote,888casino,Portuguese,300x250,1,http://pt.888casino.com/,UD,0
20230403,100329330,4,0,1,0,EURO EL Roulette,888casino,Greek,120x600,1,http://el.888casino.com/,UD,0
20230403,100323412,1,1,0,1,888casino.es 1 million,888casino.es,Spanish,728x90,0,http://www.888casino.es/,UD,1
20230403,100231724,0,0,0,0,888casino.es 1 million,888casino.es,Spanish,720x300,0,http://www.888casino.es/,UD,0
20230403,100313580,0,0,0,0,Roulette 1500 WP,888casino,English,728x90,0,https://www.888casino.com/exclusive-mob/offer-1500.htm,Roulette - 1500 Welcome Package,0
20230403,100329330,4,0,3,0,Roulette 1500 WP,888casino,Japanese,120x600,0,https://jp.888casino.com/exclusive-mob/offer-1500.htm,Roulette - 1500 Welcome Package,1
20230403,100183454,1,0,0,0,Spin the wheel Cleopatra,888casino,English,300x250,0,https://www.888casino.com/exclusive-mob/cleopatra-1500-88.htm,Spin the wheel,1
20230404,100097158,5,20,2,12,Roulette 50 free + 1500 WP,888casino,English,468x60,0,http://www.888casino.com/exclusive-mob/roulette50.htm,Roulette 50 free + 1500 WP,0
20230404,100100154,3,17,0,10,Roulette 50 free + 1500 WP,888casino,English,468x60,0,http://www.888casino.com/exclusive-mob/roulette50.htm,Roulette 50 free + 1500 WP,0
20230404,100022956,6,0,2,0,50 kr+ 100% up to 2000kr ,888casino.dk,Danish,250x250,0,https://www.888casino.dk/sem/online-casino/slots/50kr-rfstarsp.htm,Casino DK - 50KR + 2000KR,0
20230404,100069940,7,9,3,6,50kr+ 100% up to 2000kr ,888casino.dk,Danish,300x600,0,https://www.888casino.dk/sem/online-casino/slots/50kr-rfstarsp.htm,Casino DK - 50KR + 2000KR,0
20230404,100069940,4,1,2,1,50 KR +up to 2000kr-slots,888casino.dk,Danish,UD,0,https://www.888casino.dk/sem/online-casino/slots/50kr-rfstarsp.htm,Casino DK - 50KR + 2000KR,0
20230404,41074114,12,8,7,4,50 KR +up to 2000kr-slots,888casino.dk,Danish,UD,0,https://www.888casino.dk/sem/online-casino/slots/50kr-rfstarsp.htm,Casino DK - 50KR + 2000KR,0
20230404,100138383,5,3,2,1,50 KR +up to 2000kr-Generic,888casino.dk,Danish,UD,0,https://www.888casino.dk/sem/online-casino/generic/50kr-rfsp.htm,Casino DK - 50KR + 2000KR,0
20230404,100100357,0,0,0,0,50 Kr spins - slots,888casino.dk,Danish,UD,0,https://www.888casino.dk/sem/online-casino/slots/50kr-rfsp.htm,Casino DK - 50KR + 2000KR,0
20230404,100106581,0,4,0,1,50 KR - Blackjack,888casino.dk,Danish,UD,0,https://www.888casino.dk/sem/online-casino/blackjack/50kr-rfsp.htm,Casino DK - 50KR + 2000KR,1
20230404,41074114,0,0,0,0,www.888casino.dk - Home Page,888casino.dk,Danish,UD,0,http://www.888casino.dk/,Casino DK - 50KR + 2000KR,0
20230404,100059809,15,7,7,3,www.888casino.dk - Home Page,888casino.dk,Danish,UD,0,http://www.888casino.dk/,Casino DK - 50KR + 2000KR,0
20230404,100090393,18,9,5,6,888Ladies registration page,888ladies.com,English,UD,0,https://www.888ladies.com/smarturl, Treble the odds,0
20230404,100129330,3,1,1,1,Cleopatra 1500 WP,888casino,Czech,120x600,0,http://cs.888casino.com/exclusive-mob/cleopatra-1500-88.htm,?1500 Welcome Package,0
20230404,100129330,8,5,6,3,Cleopatra 1500 WP,888casino,Greek,120x600,0,http://el.888casino.com/exclusive-mob/cleopatra-1500-88.htm,?1500 Welcome Package,0
20230404,100129330,7,12,3,7,Treasure Fair - 1500 Welcome package + 30 free,888casino,Czech,120x600,0,http://cs.888casino.com/exclusive-mob/treasure-fair.htm,1500 WP + 30,0
20230404,100101300,9,25,5,10,Treasure Fair - 1500 Welcome package + 30 free,888casino,German,728x90,0,http://de.888casino.com/exclusive-mob/treasure-fair.htm,1500 WP + 30,0
20230404,100126330,0,26,0,14,Roulette 100% up to 200,888casino,English,UD,0,https://play-www.777.com/,777 100% up to 200,0
20230404,100126330,14,7,10,3,Roulette 100% up to 200,888casino,English,UD,0,https://play-www.777.com/,777 100% up to 200,1
20230404,100090659,25,18,16,9,777 BJ 100% up to 200,888casino,English,UD,0,http://www.777.com/exclusive/blackjack.htm,777 100% up to 200,1
20230404,100088955,0,27,0,10,777 Slots 100% up to 200,888casino,English,UD,0,https://play-www.777.com/,777 100% up to 200,0
20230404,100086970,0,17,0,7,Bem-vindo Pacote,888casino,Portuguese,236x60,1,http://pt.888casino.com/,UD,0
20230404,100055776,0,13,0,10,Bem-vindo Pacote,888casino,Portuguese,300x250,1,http://pt.888casino.com/,UD,1
20230404,100129330,3,8,1,3,EURO EL Roulette,888casino,Greek,120x600,1,http://el.888casino.com/,UD,0
20230404,100123412,0,12,0,6,888casino.es 1 million,888casino.es,Spanish,728x90,0,http://www.888casino.es/,UD,0
20230404,100131724,0,15,0,8,888casino.es 1 million,888casino.es,Spanish,720x300,0,http://www.888casino.es/,UD,0
20230404,100113580,17,32,8,12,Roulette 1500 WP,888casino,English,728x90,0,https://www.888casino.com/exclusive-mob/offer-1500.htm,Roulette - 1500 Welcome Package,0
20230404,100129330,12,0,10,0,Roulette 1500 WP,888casino,Japanese,120x600,0,https://jp.888casino.com/exclusive-mob/offer-1500.htm,Roulette - 1500 Welcome Package,1
20230404,100083454,32,28,20,14,Spin the wheel Cleopatra,888casino,English,300x250,0,https://www.888casino.com/exclusive-mob/cleopatra-1500-88.htm,Spin the wheel,1
20230404,100197158,7,6,2,2,Roulette 50 free + 1500 WP,888casino,English,468x60,0,http://www.888casino.com/exclusive-mob/roulette50.htm,Roulette 50 free + 1500 WP,1
20230404,100200154,0,8,0,3,Roulette 50 free + 1500 WP,888casino,English,468x60,0,http://www.888casino.com/exclusive-mob/roulette50.htm,Roulette 50 free + 1500 WP,1
20230404,100032956,0,9,0,2,50 kr+ 100% up to 2000kr ,888casino.dk,Danish,250x250,0,https://www.888casino.dk/sem/online-casino/slots/50kr-rfstarsp.htm,Casino DK - 50KR + 2000KR,0
20230404,100079940,7,5,3,1,50kr+ 100% up to 2000kr ,888casino.dk,Danish,300x600,0,https://www.888casino.dk/sem/online-casino/slots/50kr-rfstarsp.htm,Casino DK - 50KR + 2000KR,0
20230404,100079940,8,0,4,0,50 KR +up to 2000kr-slots,888casino.dk,Danish,UD,0,https://www.888casino.dk/sem/online-casino/slots/50kr-rfstarsp.htm,Casino DK - 50KR + 2000KR,0
20230404,141074114,4,0,1,0,50 KR +up to 2000kr-slots,888casino.dk,Danish,UD,0,https://www.888casino.dk/sem/online-casino/slots/50kr-rfstarsp.htm,Casino DK - 50KR + 2000KR,0
20230404,100238383,0,7,0,2,50 KR +up to 2000kr-Generic,888casino.dk,Danish,UD,0,https://www.888casino.dk/sem/online-casino/generic/50kr-rfsp.htm,Casino DK - 50KR + 2000KR,0
20230404,100200357,7,5,3,1,50 Kr spins - slots,888casino.dk,Danish,UD,0,https://www.888casino.dk/sem/online-casino/slots/50kr-rfsp.htm,Casino DK - 50KR + 2000KR,0
20230404,100206581,0,9,0,4,50 KR - Blackjack,888casino.dk,Danish,UD,0,https://www.888casino.dk/sem/online-casino/blackjack/50kr-rfsp.htm,Casino DK - 50KR + 2000KR,1
20230404,141074114,12,2,5,1,www.888casino.dk - Home Page,888casino.dk,Danish,UD,0,http://www.888casino.dk/,Casino DK - 50KR + 2000KR,0
20230404,100069809,14,0,3,0,www.888casino.dk - Home Page,888casino.dk,Danish,UD,0,http://www.888casino.dk/,Casino DK - 50KR + 2000KR,0
20230404,100190393,22,5,12,1,888Ladies registration page,888ladies.com,English,UD,0,https://www.888ladies.com/smarturl, Treble the odds,0
20230404,100229330,33,8,10,4,Cleopatra 1500 WP,888casino,Czech,120x600,0,http://cs.888casino.com/exclusive-mob/cleopatra-1500-88.htm,?1500 Welcome Package,0
20230404,100229330,16,22,5,15,Cleopatra 1500 WP,888casino,Greek,120x600,0,http://el.888casino.com/exclusive-mob/cleopatra-1500-88.htm,?1500 Welcome Package,1
20230404,100329330,4,3,1,1,Treasure Fair - 1500 Welcome package + 30 free,888casino,Czech,120x600,0,http://cs.888casino.com/exclusive-mob/treasure-fair.htm,1500 WP + 30,1
20230404,100401300,6,0,2,0,Treasure Fair - 1500 Welcome package + 30 free,888casino,German,728x90,0,http://de.888casino.com/exclusive-mob/treasure-fair.htm,1500 WP + 30,1
20230404,100426330,12,27,7,10,Roulette 100% up to 200,888casino,English,UD,0,https://play-www.777.com/,777 100% up to 200,0
20230404,100326330,0,12,0,7,Roulette 100% up to 200,888casino,English,UD,0,https://play-www.777.com/,777 100% up to 200,0
20230404,100190659,13,9,3,6,777 BJ 100% up to 200,888casino,English,UD,0,http://www.777.com/exclusive/blackjack.htm,777 100% up to 200,0
20230404,100288955,0,4,0,1,777 Slots 100% up to 200,888casino,English,UD,0,https://play-www.777.com/,777 100% up to 200,0
20230404,100286970,7,7,4,3,Bem-vindo Pacote,888casino,Portuguese,236x60,1,http://pt.888casino.com/,UD,0
20230404,100255776,8,6,2,2,Bem-vindo Pacote,888casino,Portuguese,300x250,1,http://pt.888casino.com/,UD,1
20230404,100329330,14,1,3,1,EURO EL Roulette,888casino,Greek,120x600,1,http://el.888casino.com/,UD,1
20230404,100323412,15,3,4,1,888casino.es 1 million,888casino.es,Spanish,728x90,0,http://www.888casino.es/,UD,0
20230404,100231724,1,0,0,0,888casino.es 1 million,888casino.es,Spanish,720x300,0,http://www.888casino.es/,UD,0
20230404,100313580,3,0,1,0,Roulette 1500 WP,888casino,English,728x90,0,https://www.888casino.com/exclusive-mob/offer-1500.htm,Roulette - 1500 Welcome Package,1
20230404,100329330,0,6,0,2,Roulette 1500 WP,888casino,Japanese,120x600,0,https://jp.888casino.com/exclusive-mob/offer-1500.htm,Roulette - 1500 Welcome Package,0
20230404,100183454,0,4,0,1,Spin the wheel Cleopatra,888casino,English,300x250,0,https://www.888casino.com/exclusive-mob/cleopatra-1500-88.htm,Spin the wheel,0
20230404,141074114,1,2,1,1,www.888casino.dk - Home Page,888casino.dk,Danish,UD,0,http://www.888casino.dk/,Casino DK - 50KR + 2000KR,0
20230404,100069809,16,11,6,5,www.888casino.dk - Home Page,888casino.dk,Danish,UD,0,http://www.888casino.dk/,Casino DK - 50KR + 2000KR,0
20230404,100290393,22,15,5,9,888Ladies registration page,888ladies.com,English,UD,0,https://www.888ladies.com/smarturl, Treble the odds,1
20230404,100229330,7,2,3,1,Cleopatra 1500 WP,888casino,Czech,120x600,0,http://cs.888casino.com/exclusive-mob/cleopatra-1500-88.htm,?1500 Welcome Package,1
20230405,100097158,6,22,3,13,Roulette 50 free + 1500 WP,888casino,English,468x60,0,http://www.888casino.com/exclusive-mob/roulette50.htm,Roulette 50 free + 1500 WP,1
20230405,100100154,4,19,1,11,Roulette 50 free + 1500 WP,888casino,English,468x60,0,http://www.888casino.com/exclusive-mob/roulette50.htm,Roulette 50 free + 1500 WP,0
20230405,100022956,8,2,2,1,50 kr+ 100% up to 2000kr ,888casino.dk,Danish,250x250,0,https://www.888casino.dk/sem/online-casino/slots/50kr-rfstarsp.htm,Casino DK - 50KR + 2000KR,0
20230405,100069940,9,12,4,5,50kr+ 100% up to 2000kr ,888casino.dk,Danish,300x600,0,https://www.888casino.dk/sem/online-casino/slots/50kr-rfstarsp.htm,Casino DK - 50KR + 2000KR,0
20230405,100069940,4,2,1,1,50 KR +up to 2000kr-slots,888casino.dk,Danish,UD,0,https://www.888casino.dk/sem/online-casino/slots/50kr-rfstarsp.htm,Casino DK - 50KR + 2000KR,0
20230405,41074114,18,15,8,5,50 KR +up to 2000kr-slots,888casino.dk,Danish,UD,0,https://www.888casino.dk/sem/online-casino/slots/50kr-rfstarsp.htm,Casino DK - 50KR + 2000KR,0
20230405,100138383,7,4,2,1,50 KR +up to 2000kr-Generic,888casino.dk,Danish,UD,0,https://www.888casino.dk/sem/online-casino/generic/50kr-rfsp.htm,Casino DK - 50KR + 2000KR,0
20230405,100100357,2,2,1,1,50 Kr spins - slots,888casino.dk,Danish,UD,0,https://www.888casino.dk/sem/online-casino/slots/50kr-rfsp.htm,Casino DK - 50KR + 2000KR,0
20230405,100106581,0,6,0,2,50 KR - Blackjack,888casino.dk,Danish,UD,0,https://www.888casino.dk/sem/online-casino/blackjack/50kr-rfsp.htm,Casino DK - 50KR + 2000KR,0
20230405,41074114,0,2,0,2,www.888casino.dk - Home Page,888casino.dk,Danish,UD,0,http://www.888casino.dk/,Casino DK - 50KR + 2000KR,1
20230405,100059809,20,9,10,4,www.888casino.dk - Home Page,888casino.dk,Danish,UD,0,http://www.888casino.dk/,Casino DK - 50KR + 2000KR,1
20230405,100090393,22,16,12,7,888Ladies registration page,888ladies.com,English,UD,0,https://www.888ladies.com/smarturl, Treble the odds,0
20230405,100129330,5,3,0,1,Cleopatra 1500 WP,888casino,Czech,120x600,0,http://cs.888casino.com/exclusive-mob/cleopatra-1500-88.htm,?1500 Welcome Package,0
20230405,100129330,10,8,7,4,Cleopatra 1500 WP,888casino,Greek,120x600,0,http://el.888casino.com/exclusive-mob/cleopatra-1500-88.htm,?1500 Welcome Package,0
20230405,100129330,12,19,4,9,Treasure Fair - 1500 Welcome package + 30 free,888casino,Czech,120x600,0,http://cs.888casino.com/exclusive-mob/treasure-fair.htm,1500 WP + 30,0
20230405,100101300,13,30,7,12,Treasure Fair - 1500 Welcome package + 30 free,888casino,German,728x90,0,http://de.888casino.com/exclusive-mob/treasure-fair.htm,1500 WP + 30,1
20230405,100126330,0,33,0,16,Roulette 100% up to 200,888casino,English,UD,0,https://play-www.777.com/,777 100% up to 200,0
20230405,100126330,17,9,9,4,Roulette 100% up to 200,888casino,English,UD,0,https://play-www.777.com/,777 100% up to 200,1
20230405,100090659,31,22,15,11,777 BJ 100% up to 200,888casino,English,UD,0,http://www.777.com/exclusive/blackjack.htm,777 100% up to 200,0
20230405,100088955,3,34,1,11,777 Slots 100% up to 200,888casino,English,UD,0,https://play-www.777.com/,777 100% up to 200,0
20230405,100086970,4,20,1,8,Bem-vindo Pacote,888casino,Portuguese,236x60,1,http://pt.888casino.com/,UD,1
20230405,100055776,6,10,2,5,Bem-vindo Pacote,888casino,Portuguese,300x250,1,http://pt.888casino.com/,UD,0
20230405,100129330,6,5,2,1,EURO EL Roulette,888casino,Greek,120x600,1,http://el.888casino.com/,UD,1
20230405,100123412,2,10,1,4,888casino.es 1 million,888casino.es,Spanish,728x90,0,http://www.888casino.es/,UD,0
20230405,100131724,1,20,0,9,888casino.es 1 million,888casino.es,Spanish,720x300,0,http://www.888casino.es/,UD,0
20230405,100113580,20,35,11,15,Roulette 1500 WP,888casino,English,728x90,0,https://www.888casino.com/exclusive-mob/offer-1500.htm,Roulette - 1500 Welcome Package,1
20230405,100129330,18,2,12,1,Roulette 1500 WP,888casino,Japanese,120x600,0,https://jp.888casino.com/exclusive-mob/offer-1500.htm,Roulette - 1500 Welcome Package,0
20230405,100083454,33,33,12,15,Spin the wheel Cleopatra,888casino,English,300x250,0,https://www.888casino.com/exclusive-mob/cleopatra-1500-88.htm,Spin the wheel,0
20230405,100197158,9,9,3,4,Roulette 50 free + 1500 WP,888casino,English,468x60,0,http://www.888casino.com/exclusive-mob/roulette50.htm,Roulette 50 free + 1500 WP,0
20230405,100200154,1,12,1,4,Roulette 50 free + 1500 WP,888casino,English,468x60,0,http://www.888casino.com/exclusive-mob/roulette50.htm,Roulette 50 free + 1500 WP,0
20230405,100032956,2,11,1,3,50 kr+ 100% up to 2000kr ,888casino.dk,Danish,250x250,0,https://www.888casino.dk/sem/online-casino/slots/50kr-rfstarsp.htm,Casino DK - 50KR + 2000KR,1
20230405,100079940,3,7,1,2,50kr+ 100% up to 2000kr ,888casino.dk,Danish,300x600,0,https://www.888casino.dk/sem/online-casino/slots/50kr-rfstarsp.htm,Casino DK - 50KR + 2000KR,0
20230405,100079940,12,2,5,1,50 KR +up to 2000kr-slots,888casino.dk,Danish,UD,0,https://www.888casino.dk/sem/online-casino/slots/50kr-rfstarsp.htm,Casino DK - 50KR + 2000KR,0
20230405,141074114,6,4,1,1,50 KR +up to 2000kr-slots,888casino.dk,Danish,UD,0,https://www.888casino.dk/sem/online-casino/slots/50kr-rfstarsp.htm,Casino DK - 50KR + 2000KR,1
20230405,100238383,7,9,1,3,50 KR +up to 2000kr-Generic,888casino.dk,Danish,UD,0,https://www.888casino.dk/sem/online-casino/generic/50kr-rfsp.htm,Casino DK - 50KR + 2000KR,0
20230405,100200357,9,10,5,3,50 Kr spins - slots,888casino.dk,Danish,UD,0,https://www.888casino.dk/sem/online-casino/slots/50kr-rfsp.htm,Casino DK - 50KR + 2000KR,0
20230405,100206581,2,4,1,1,50 KR - Blackjack,888casino.dk,Danish,UD,0,https://www.888casino.dk/sem/online-casino/blackjack/50kr-rfsp.htm,Casino DK - 50KR + 2000KR,0
20230405,141074114,16,6,7,2,www.888casino.dk - Home Page,888casino.dk,Danish,UD,0,http://www.888casino.dk/,Casino DK - 50KR + 2000KR,0
20230405,100069809,18,5,5,2,www.888casino.dk - Home Page,888casino.dk,Danish,UD,0,http://www.888casino.dk/,Casino DK - 50KR + 2000KR,0
20230405,100190393,25,0,16,0,888Ladies registration page,888ladies.com,English,UD,0,https://www.888ladies.com/smarturl, Treble the odds,1
20230405,100229330,36,12,12,4,Cleopatra 1500 WP,888casino,Czech,120x600,0,http://cs.888casino.com/exclusive-mob/cleopatra-1500-88.htm,?1500 Welcome Package,0
20230405,100229330,11,27,3,16,Cleopatra 1500 WP,888casino,Greek,120x600,0,http://el.888casino.com/exclusive-mob/cleopatra-1500-88.htm,?1500 Welcome Package,0
20230405,100329330,2,6,1,2,Treasure Fair - 1500 Welcome package + 30 free,888casino,Czech,120x600,0,http://cs.888casino.com/exclusive-mob/treasure-fair.htm,1500 WP + 30,0
20230405,100401300,5,4,1,1,Treasure Fair - 1500 Welcome package + 30 free,888casino,German,728x90,0,http://de.888casino.com/exclusive-mob/treasure-fair.htm,1500 WP + 30,0
20230405,100426330,17,20,8,8,Roulette 100% up to 200,888casino,English,UD,0,https://play-www.777.com/,777 100% up to 200,0
20230405,100326330,0,16,0,8,Roulette 100% up to 200,888casino,English,UD,0,https://play-www.777.com/,777 100% up to 200,0
20230405,100190659,18,12,5,7,777 BJ 100% up to 200,888casino,English,UD,0,http://www.777.com/exclusive/blackjack.htm,777 100% up to 200,1
20230405,100288955,1,8,1,3,777 Slots 100% up to 200,888casino,English,UD,0,https://play-www.777.com/,777 100% up to 200,0
20230405,100286970,9,12,5,4,Bem-vindo Pacote,888casino,Portuguese,236x60,1,http://pt.888casino.com/,UD,0
20230405,100255776,12,8,4,3,Bem-vindo Pacote,888casino,Portuguese,300x250,1,http://pt.888casino.com/,UD,0
20230405,100329330,18,4,5,2,EURO EL Roulette,888casino,Greek,120x600,1,http://el.888casino.com/,UD,0
20230405,100323412,20,6,5,2,888casino.es 1 million,888casino.es,Spanish,728x90,0,http://www.888casino.es/,UD,0
20230405,100231724,2,2,1,2,888casino.es 1 million,888casino.es,Spanish,720x300,0,http://www.888casino.es/,UD,0
20230405,100313580,7,1,3,1,Roulette 1500 WP,888casino,English,728x90,0,https://www.888casino.com/exclusive-mob/offer-1500.htm,Roulette - 1500 Welcome Package,0
20230405,100329330,2,9,1,3,Roulette 1500 WP,888casino,Japanese,120x600,0,https://jp.888casino.com/exclusive-mob/offer-1500.htm,Roulette - 1500 Welcome Package,1
20230405,100183454,1,6,1,1,Spin the wheel Cleopatra,888casino,English,300x250,0,https://www.888casino.com/exclusive-mob/cleopatra-1500-88.htm,Spin the wheel,0
20230405,100238383,7,7,3,2,50 KR +up to 2000kr-Generic,888casino.dk,Danish,UD,0,https://www.888casino.dk/sem/online-casino/generic/50kr-rfsp.htm,Casino DK - 50KR + 2000KR,1
20230405,100200357,1,5,1,2,50 Kr spins - slots,888casino.dk,Danish,UD,0,https://www.888casino.dk/sem/online-casino/slots/50kr-rfsp.htm,Casino DK - 50KR + 2000KR,0
20230405,100206581,0,0,0,0,50 KR - Blackjack,888casino.dk,Danish,UD,0,https://www.888casino.dk/sem/online-casino/blackjack/50kr-rfsp.htm,Casino DK - 50KR + 2000KR,0
20230405,141074114,0,1,0,1,www.888casino.dk - Home Page,888casino.dk,Danish,UD,0,http://www.888casino.dk/,Casino DK - 50KR + 2000KR,1
20230405,100069809,19,9,8,4,www.888casino.dk - Home Page,888casino.dk,Danish,UD,0,http://www.888casino.dk/,Casino DK - 50KR + 2000KR,0
20230405,100290393,26,12,6,8,888Ladies registration page,888ladies.com,English,UD,0,https://www.888ladies.com/smarturl, Treble the odds,0
20230405,100229330,4,0,2,0,Cleopatra 1500 WP,888casino,Czech,120x600,0,http://cs.888casino.com/exclusive-mob/cleopatra-1500-88.htm,?1500 Welcome Package,0
20230405,100229330,10,0,7,0,Cleopatra 1500 WP,888casino,Greek,120x600,0,http://el.888casino.com/exclusive-mob/cleopatra-1500-88.htm,?1500 Welcome Package,0
20230405,100229330,9,7,4,2,Treasure Fair - 1500 Welcome package + 30 free,888casino,Czech,120x600,0,http://cs.888casino.com/exclusive-mob/treasure-fair.htm,1500 WP + 30,1
20230405,100201300,12,10,6,4,Treasure Fair - 1500 Welcome package + 30 free,888casino,German,728x90,0,http://de.888casino.com/exclusive-mob/treasure-fair.htm,1500 WP + 30,0
20230405,100226330,1,19,1,6,Roulette 100% up to 200,888casino,English,UD,0,https://play-www.777.com/,777 100% up to 200,0
20230405,100226330,10,0,3,0,Roulette 100% up to 200,888casino,English,UD,0,https://play-www.777.com/,777 100% up to 200,0
20230405,100190659,20,22,13,10,777 BJ 100% up to 200,888casino,English,UD,0,http://www.777.com/exclusive/blackjack.htm,777 100% up to 200,0
20230405,100188955,2,29,1,12,777 Slots 100% up to 200,888casino,English,UD,0,https://play-www.777.com/,777 100% up to 200,1
20230405,100186970,7,15,2,8,Bem-vindo Pacote,888casino,Portuguese,236x60,1,http://pt.888casino.com/,UD,0
,,,,,,,,,,,,,
20230406,100097158,10,4,4,2,Roulette 50 free + 1500 WP,888casino,English,468x60,0,http://www.888casino.com/exclusive-mob/roulette50.htm,Roulette 50 free + 1500 WP,1
20230406,100100154,8,7,4,3,Roulette 50 free + 1500 WP,888casino,English,468x60,0,http://www.888casino.com/exclusive-mob/roulette50.htm,Roulette 50 free + 1500 WP,0
20230406,100022956,3,2,0,0,50 kr+ 100% up to 2000kr ,888casino.dk,Danish,250x250,0,https://www.888casino.dk/sem/online-casino/slots/50kr-rfstarsp.htm,Casino DK - 50KR + 2000KR,0
20230406,100069940,8,7,3,1,50kr+ 100% up to 2000kr ,888casino.dk,Danish,300x600,0,https://www.888casino.dk/sem/online-casino/slots/50kr-rfstarsp.htm,Casino DK - 50KR + 2000KR,0
20230406,100069940,10,15,3,4,50 KR +up to 2000kr-slots,888casino.dk,Danish,UD,0,https://www.888casino.dk/sem/online-casino/slots/50kr-rfstarsp.htm,Casino DK - 50KR + 2000KR,0
20230406,41074114,9,12,2,7,50 KR +up to 2000kr-slots,888casino.dk,Danish,UD,0,https://www.888casino.dk/sem/online-casino/slots/50kr-rfstarsp.htm,Casino DK - 50KR + 2000KR,0
20230406,100138383,0,33,0,16,50 KR +up to 2000kr-Generic,888casino.dk,Danish,UD,0,https://www.888casino.dk/sem/online-casino/generic/50kr-rfsp.htm,Casino DK - 50KR + 2000KR,0
20230406,100100357,12,6,7,3,50 Kr spins - slots,888casino.dk,Danish,UD,0,https://www.888casino.dk/sem/online-casino/slots/50kr-rfsp.htm,Casino DK - 50KR + 2000KR,0
20230406,100106581,13,20,7,8,50 KR - Blackjack,888casino.dk,Danish,UD,0,https://www.888casino.dk/sem/online-casino/blackjack/50kr-rfsp.htm,Casino DK - 50KR + 2000KR,0
20230406,41074114,3,20,1,5,www.888casino.dk - Home Page,888casino.dk,Danish,UD,0,http://www.888casino.dk/,Casino DK - 50KR + 2000KR,1
20230406,100059809,4,12,1,6,www.888casino.dk - Home Page,888casino.dk,Danish,UD,0,http://www.888casino.dk/,Casino DK - 50KR + 2000KR,1
20230406,100090393,6,8,2,3,888Ladies registration page,888ladies.com,English,UD,0,https://www.888ladies.com/smarturl, Treble the odds,0
20230406,100129330,6,5,2,1,Cleopatra 1500 WP,888casino,Czech,120x600,0,http://cs.888casino.com/exclusive-mob/cleopatra-1500-88.htm,?1500 Welcome Package,0
20230406,100129330,2,8,1,2,Cleopatra 1500 WP,888casino,Greek,120x600,0,http://el.888casino.com/exclusive-mob/cleopatra-1500-88.htm,?1500 Welcome Package,0
20230406,100129330,1,12,0,5,Treasure Fair - 1500 Welcome package + 30 free,888casino,Czech,120x600,0,http://cs.888casino.com/exclusive-mob/treasure-fair.htm,1500 WP + 30,0
20230406,100101300,12,30,8,13,Treasure Fair - 1500 Welcome package + 30 free,888casino,German,728x90,0,http://de.888casino.com/exclusive-mob/treasure-fair.htm,1500 WP + 30,1
20230406,100126330,11,24,3,12,Roulette 100% up to 200,888casino,English,UD,0,https://play-www.777.com/,777 100% up to 200,0
20230406,100126330,2,6,1,2,Roulette 100% up to 200,888casino,English,UD,0,https://play-www.777.com/,777 100% up to 200,1
20230406,100090659,5,4,1,1,777 BJ 100% up to 200,888casino,English,UD,0,http://www.777.com/exclusive/blackjack.htm,777 100% up to 200,0
20230406,100088955,17,12,8,3,777 Slots 100% up to 200,888casino,English,UD,0,https://play-www.777.com/,777 100% up to 200,0
20230406,100086970,0,16,0,8,Bem-vindo Pacote,888casino,Portuguese,236x60,1,http://pt.888casino.com/,UD,1
20230406,100055776,18,12,5,7,Bem-vindo Pacote,888casino,Portuguese,300x250,1,http://pt.888casino.com/,UD,0
20230406,100129330,1,8,1,3,EURO EL Roulette,888casino,Greek,120x600,1,http://el.888casino.com/,UD,1
20230406,100123412,9,12,5,4,888casino.es 1 million,888casino.es,Spanish,728x90,0,http://www.888casino.es/,UD,0
20230406,100131724,10,8,2,3,888casino.es 1 million,888casino.es,Spanish,720x300,0,http://www.888casino.es/,UD,0
20230406,100113580,18,4,5,2,Roulette 1500 WP,888casino,English,728x90,0,https://www.888casino.com/exclusive-mob/offer-1500.htm,Roulette - 1500 Welcome Package,1
20230406,100129330,20,6,5,2,Roulette 1500 WP,888casino,Japanese,120x600,0,https://jp.888casino.com/exclusive-mob/offer-1500.htm,Roulette - 1500 Welcome Package,0
20230406,100083454,0,2,0,2,Spin the wheel Cleopatra,888casino,English,300x250,0,https://www.888casino.com/exclusive-mob/cleopatra-1500-88.htm,Spin the wheel,0
20230406,100197158,3,1,1,1,Roulette 50 free + 1500 WP,888casino,English,468x60,0,http://www.888casino.com/exclusive-mob/roulette50.htm,Roulette 50 free + 1500 WP,0
20230406,100200154,0,9,0,3,Roulette 50 free + 1500 WP,888casino,English,468x60,0,http://www.888casino.com/exclusive-mob/roulette50.htm,Roulette 50 free + 1500 WP,0
20230406,100032956,0,6,0,1,50 kr+ 100% up to 2000kr ,888casino.dk,Danish,250x250,0,https://www.888casino.dk/sem/online-casino/slots/50kr-rfstarsp.htm,Casino DK - 50KR + 2000KR,1
20230406,100079940,5,7,1,2,50kr+ 100% up to 2000kr ,888casino.dk,Danish,300x600,0,https://www.888casino.dk/sem/online-casino/slots/50kr-rfstarsp.htm,Casino DK - 50KR + 2000KR,0
20230406,100079940,1,5,1,2,50 KR +up to 2000kr-slots,888casino.dk,Danish,UD,0,https://www.888casino.dk/sem/online-casino/slots/50kr-rfstarsp.htm,Casino DK - 50KR + 2000KR,0
20230406,141074114,0,0,0,0,50 KR +up to 2000kr-slots,888casino.dk,Danish,UD,0,https://www.888casino.dk/sem/online-casino/slots/50kr-rfstarsp.htm,Casino DK - 50KR + 2000KR,1
20230406,100238383,0,1,0,1,50 KR +up to 2000kr-Generic,888casino.dk,Danish,UD,0,https://www.888casino.dk/sem/online-casino/generic/50kr-rfsp.htm,Casino DK - 50KR + 2000KR,0
20230406,100200357,9,10,5,3,50 Kr spins - slots,888casino.dk,Danish,UD,0,https://www.888casino.dk/sem/online-casino/slots/50kr-rfsp.htm,Casino DK - 50KR + 2000KR,0
20230406,100206581,2,4,1,1,50 KR - Blackjack,888casino.dk,Danish,UD,0,https://www.888casino.dk/sem/online-casino/blackjack/50kr-rfsp.htm,Casino DK - 50KR + 2000KR,0
20230406,141074114,18,6,9,2,www.888casino.dk - Home Page,888casino.dk,Danish,UD,0,http://www.888casino.dk/,Casino DK - 50KR + 2000KR,0
20230406,100069809,22,5,8,2,www.888casino.dk - Home Page,888casino.dk,Danish,UD,0,http://www.888casino.dk/,Casino DK - 50KR + 2000KR,0
20230406,100190393,26,0,15,0,888Ladies registration page,888ladies.com,English,UD,0,https://www.888ladies.com/smarturl, Treble the odds,1
20230406,100229330,12,12,0,4,Cleopatra 1500 WP,888casino,Czech,120x600,0,http://cs.888casino.com/exclusive-mob/cleopatra-1500-88.htm,?1500 Welcome Package,1
20230406,100229330,11,27,3,16,Cleopatra 1500 WP,888casino,Greek,120x600,0,http://el.888casino.com/exclusive-mob/cleopatra-1500-88.htm,?1500 Welcome Package,1
20230406,100329330,2,6,1,2,Treasure Fair - 1500 Welcome package + 30 free,888casino,Czech,120x600,0,http://cs.888casino.com/exclusive-mob/treasure-fair.htm,1500 WP + 30,0
20230406,100401300,5,4,1,1,Treasure Fair - 1500 Welcome package + 30 free,888casino,German,728x90,0,http://de.888casino.com/exclusive-mob/treasure-fair.htm,1500 WP + 30,0
20230406,100426330,17,20,8,8,Roulette 100% up to 200,888casino,English,UD,0,https://play-www.777.com/,777 100% up to 200,0
20230406,100326330,0,16,0,8,Roulette 100% up to 200,888casino,English,UD,0,https://play-www.777.com/,777 100% up to 200,0
20230406,100190659,18,12,5,7,777 BJ 100% up to 200,888casino,English,UD,0,http://www.777.com/exclusive/blackjack.htm,777 100% up to 200,0
20230406,100288955,1,8,1,3,777 Slots 100% up to 200,888casino,English,UD,0,https://play-www.777.com/,777 100% up to 200,0
20230406,100286970,9,12,5,4,Bem-vindo Pacote,888casino,Portuguese,236x60,1,http://pt.888casino.com/,UD,0
20230406,100255776,12,8,4,3,Bem-vindo Pacote,888casino,Portuguese,300x250,1,http://pt.888casino.com/,UD,0
20230406,100329330,18,4,5,2,EURO EL Roulette,888casino,Greek,120x600,1,http://el.888casino.com/,UD,0
20230406,100323412,20,6,5,2,888casino.es 1 million,888casino.es,Spanish,728x90,0,http://www.888casino.es/,UD,1
20230406,100231724,2,2,1,2,888casino.es 1 million,888casino.es,Spanish,720x300,0,http://www.888casino.es/,UD,0
20230406,100313580,7,1,3,1,Roulette 1500 WP,888casino,English,728x90,0,https://www.888casino.com/exclusive-mob/offer-1500.htm,Roulette - 1500 Welcome Package,0
20230406,100329330,9,10,5,3,Roulette 1500 WP,888casino,Japanese,120x600,0,https://jp.888casino.com/exclusive-mob/offer-1500.htm,Roulette - 1500 Welcome Package,0
20230406,100183454,2,4,1,1,Spin the wheel Cleopatra,888casino,English,300x250,0,https://www.888casino.com/exclusive-mob/cleopatra-1500-88.htm,Spin the wheel,0
20230406,100238383,16,6,7,2,50 KR +up to 2000kr-Generic,888casino.dk,Danish,UD,0,https://www.888casino.dk/sem/online-casino/generic/50kr-rfsp.htm,Casino DK - 50KR + 2000KR,1
20230406,100200357,18,5,5,2,50 Kr spins - slots,888casino.dk,Danish,UD,0,https://www.888casino.dk/sem/online-casino/slots/50kr-rfsp.htm,Casino DK - 50KR + 2000KR,0
20230406,100206581,25,0,16,0,50 KR - Blackjack,888casino.dk,Danish,UD,0,https://www.888casino.dk/sem/online-casino/blackjack/50kr-rfsp.htm,Casino DK - 50KR + 2000KR,0
20230406,141074114,36,12,12,4,www.888casino.dk - Home Page,888casino.dk,Danish,UD,0,http://www.888casino.dk/,Casino DK - 50KR + 2000KR,0
20230406,100069809,11,27,3,16,www.888casino.dk - Home Page,888casino.dk,Danish,UD,0,http://www.888casino.dk/,Casino DK - 50KR + 2000KR,0
20230406,100290393,2,6,1,2,888Ladies registration page,888ladies.com,English,UD,0,https://www.888ladies.com/smarturl, Treble the odds,0
20230406,100229330,5,4,1,1,Cleopatra 1500 WP,888casino,Czech,120x600,0,http://cs.888casino.com/exclusive-mob/cleopatra-1500-88.htm,?1500 Welcome Package,1
20230406,100229330,17,20,8,8,Cleopatra 1500 WP,888casino,Greek,120x600,0,http://el.888casino.com/exclusive-mob/cleopatra-1500-88.htm,?1500 Welcome Package,0
20230406,100229330,0,16,0,8,Treasure Fair - 1500 Welcome package + 30 free,888casino,Czech,120x600,0,http://cs.888casino.com/exclusive-mob/treasure-fair.htm,1500 WP + 30,0
20230406,100201300,18,12,5,7,Treasure Fair - 1500 Welcome package + 30 free,888casino,German,728x90,0,http://de.888casino.com/exclusive-mob/treasure-fair.htm,1500 WP + 30,0
20230406,100226330,1,8,1,3,Roulette 100% up to 200,888casino,English,UD,0,https://play-www.777.com/,777 100% up to 200,1
20230406,100226330,9,12,5,4,Roulette 100% up to 200,888casino,English,UD,0,https://play-www.777.com/,777 100% up to 200,0
20230406,100190659,12,8,4,3,777 BJ 100% up to 200,888casino,English,UD,0,http://www.777.com/exclusive/blackjack.htm,777 100% up to 200,0
20230406,100188955,18,4,5,2,777 Slots 100% up to 200,888casino,English,UD,0,https://play-www.777.com/,777 100% up to 200,0
20230406,100186970,20,6,5,2,Bem-vindo Pacote,888casino,Portuguese,236x60,1,http://pt.888casino.com/,UD,0
